﻿Nama;Gender;Angkatan;Tinggi Badan;Waktu Perjalanan;Wilayah Tinggal
Shalwa;P;2024;159;15;Cideng
Sheila;P;2024;152;60;Cawang
Silviana;P;2024;160;60;Cakung
Mark;L;2024;160;90;Depok
Haechan;L;2024;165;90;Gambir
Jaemin;L;2024;159;10;Tawakal
Woi;L;2024;175;60;Bogor
Iya;L;2024;170;10;Tawakal
Hai;L;2024;170;10;Grogol
Halo;P;2024;170;10;Tawakal
Maul;L;2024;160;90;Depok
Amer;L;2024;170;80;Tangsel
Bon;L;2024;180;60;Poris
Tegal;L;2024;150;10;Tawakal
Falih;L;2024;170;10;Tawakal
Arif;L;2024;170;10;Grogol
Yuda;L;2024;180;10;Tanjung Duren
Celvi;P;2024;170;10;Tawakal
Vivi;P;2024;160;10;Susilo
Salsa;P;2024;155;20;Kemanggisan
